3253716279	2026-06-13T17:15:38.9933443780	.models/bioseq/ophiuchus-ab-mixed/final.pt
4402	2026-07-14T13:54:49.3396614880	output/grammar_v1_esmc300m/monitor.log
8944542079	2026-07-07T02:08:54.1092387310	output/grammar_v2_esmc300m_cmp500k_llada/best.pt
8944616537	2026-07-05T10:17:44.8754833140	output/grammar_v2_esmc300m_cmp500k_llada/checkpoints/step_0005000_val_0.8095.pt
8944616537	2026-07-05T16:12:09.3642855200	output/grammar_v2_esmc300m_cmp500k_llada/checkpoints/step_0006000_val_0.7853.pt
8944616537	2026-07-06T04:50:22.5205304920	output/grammar_v2_esmc300m_cmp500k_llada/checkpoints/step_0008000_val_0.7928.pt
8944616537	2026-07-07T01:46:58.5582280390	output/grammar_v2_esmc300m_cmp500k_llada/checkpoints/step_0008000_val_0.7969.pt
8944616537	2026-07-07T02:08:43.0358398520	output/grammar_v2_esmc300m_cmp500k_llada/checkpoints/step_0008000_val_0.8030.pt
699	2026-07-07T02:08:43.0434888730	output/grammar_v2_esmc300m_cmp500k_llada/checkpoints/topk_manifest.json
8944578363	2026-07-08T06:15:14.9210788640	output/grammar_v2_esmc300m_cmp500k_llada/latest.pt
28368	2026-07-05T13:53:21.6335748380	output/grammar_v2_esmc300m_cmp500k_llada/logs/train_20260705_135123_rank0.log
23359120	2026-07-05T18:52:21.3344608600	output/grammar_v2_esmc300m_cmp500k_llada/logs/train_20260705_150431_rank0.log
6418929	2026-07-06T05:53:05.8786142250	output/grammar_v2_esmc300m_cmp500k_llada/logs/train_20260706_044911_rank0.log
64248	2026-07-07T01:47:43.7844675200	output/grammar_v2_esmc300m_cmp500k_llada/logs/train_20260707_014538_rank0.log
1240287	2026-07-07T02:20:55.9851440800	output/grammar_v2_esmc300m_cmp500k_llada/logs/train_20260707_020723_rank0.log
2592370	2026-07-07T02:53:48.5188756550	output/grammar_v2_esmc300m_cmp500k_llada/logs/train_20260707_022746_rank0.log
1583634	2026-07-07T09:13:13.0360475070	output/grammar_v2_esmc300m_cmp500k_llada/logs/train_20260707_085627_rank0.log
35158028	2026-07-07T15:19:08.4471410920	output/grammar_v2_esmc300m_cmp500k_llada/logs/train_20260707_093911_rank0.log
59563085	2026-07-08T01:14:05.8119850950	output/grammar_v2_esmc300m_cmp500k_llada/logs/train_20260707_154352_rank0.log
654027	2026-07-08T03:27:46.7635154020	output/grammar_v2_esmc300m_cmp500k_llada/logs/train_20260708_032058_rank0.log
10891830	2026-07-08T05:44:33.5927519660	output/grammar_v2_esmc300m_cmp500k_llada/logs/train_20260708_041125_rank0.log
3156105	2026-07-08T06:18:35.0499860170	output/grammar_v2_esmc300m_cmp500k_llada/logs/train_20260708_055104_rank0.log
4406010	2026-07-04T11:09:01.4078586300	output/grammar_v2_esmc300m_cmp500k_llada/wandb/wandb/run-20260704_052831-hv42fczm/files/output.log
5162	2026-07-04T05:28:34.1098327970	output/grammar_v2_esmc300m_cmp500k_llada/wandb/wandb/run-20260704_052831-hv42fczm/files/requirements.txt
4600	2026-07-04T05:28:33.8932300000	output/grammar_v2_esmc300m_cmp500k_llada/wandb/wandb/run-20260704_052831-hv42fczm/files/wandb-metadata.json
413831	2026-07-04T11:08:49.7488100880	output/grammar_v2_esmc300m_cmp500k_llada/wandb/wandb/run-20260704_052831-hv42fczm/logs/debug-internal.log
4631	2026-07-04T05:28:34.1158587620	output/grammar_v2_esmc300m_cmp500k_llada/wandb/wandb/run-20260704_052831-hv42fczm/logs/debug.log
17891328	2026-07-04T11:08:43.4085339140	output/grammar_v2_esmc300m_cmp500k_llada/wandb/wandb/run-20260704_052831-hv42fczm/run-hv42fczm.wandb
613278	2026-07-05T07:03:34.5697184620	output/grammar_v2_esmc300m_cmp500k_llada/wandb/wandb/run-20260705_061506-a4c07hih/files/output.log
5162	2026-07-05T06:15:09.5664613910	output/grammar_v2_esmc300m_cmp500k_llada/wandb/wandb/run-20260705_061506-a4c07hih/files/requirements.txt
4600	2026-07-05T06:15:09.4750840000	output/grammar_v2_esmc300m_cmp500k_llada/wandb/wandb/run-20260705_061506-a4c07hih/files/wandb-metadata.json
59027	2026-07-05T07:03:25.2515728020	output/grammar_v2_esmc300m_cmp500k_llada/wandb/wandb/run-20260705_061506-a4c07hih/logs/debug-internal.log
4631	2026-07-05T06:15:09.5680361140	output/grammar_v2_esmc300m_cmp500k_llada/wandb/wandb/run-20260705_061506-a4c07hih/logs/debug.log
2490368	2026-07-05T07:03:20.8865304280	output/grammar_v2_esmc300m_cmp500k_llada/wandb/wandb/run-20260705_061506-a4c07hih/run-a4c07hih.wandb
10347	2026-07-05T13:53:11.8634970000	output/grammar_v2_esmc300m_cmp500k_llada/wandb/wandb/run-20260705_135215-hrve7xzt/files/config.yaml
5715	2026-07-05T13:53:01.4285191070	output/grammar_v2_esmc300m_cmp500k_llada/wandb/wandb/run-20260705_135215-hrve7xzt/files/output.log
5741	2026-07-05T13:52:17.8472698380	output/grammar_v2_esmc300m_cmp500k_llada/wandb/wandb/run-20260705_135215-hrve7xzt/files/requirements.txt
4600	2026-07-05T13:52:18.2479920000	output/grammar_v2_esmc300m_cmp500k_llada/wandb/wandb/run-20260705_135215-hrve7xzt/files/wandb-metadata.json
1263	2026-07-05T13:53:11.8611394390	output/grammar_v2_esmc300m_cmp500k_llada/wandb/wandb/run-20260705_135215-hrve7xzt/files/wandb-summary.json
1139	2026-07-05T13:53:15.0387310300	output/grammar_v2_esmc300m_cmp500k_llada/wandb/wandb/run-20260705_135215-hrve7xzt/logs/debug-internal.log
5068	2026-07-05T13:53:11.8488618950	output/grammar_v2_esmc300m_cmp500k_llada/wandb/wandb/run-20260705_135215-hrve7xzt/logs/debug.log
28361	2026-07-05T13:53:15.0385840000	output/grammar_v2_esmc300m_cmp500k_llada/wandb/wandb/run-20260705_135215-hrve7xzt/run-hrve7xzt.wandb
2946289	2026-07-05T18:52:20.7500589840	output/grammar_v2_esmc300m_cmp500k_llada/wandb/wandb/run-20260705_150523-cs54flp7/files/output.log
5758	2026-07-05T15:05:26.4740486670	output/grammar_v2_esmc300m_cmp500k_llada/wandb/wandb/run-20260705_150523-cs54flp7/files/requirements.txt
4600	2026-07-05T15:05:26.3587660000	output/grammar_v2_esmc300m_cmp500k_llada/wandb/wandb/run-20260705_150523-cs54flp7/files/wandb-metadata.json
1024	2026-07-05T16:08:26.4925502440	output/grammar_v2_esmc300m_cmp500k_llada/wandb/wandb/run-20260705_150523-cs54flp7/logs/debug-internal.log
4943	2026-07-05T15:05:26.4752458870	output/grammar_v2_esmc300m_cmp500k_llada/wandb/wandb/run-20260705_150523-cs54flp7/logs/debug.log
11567104	2026-07-05T18:52:11.0842683920	output/grammar_v2_esmc300m_cmp500k_llada/wandb/wandb/run-20260705_150523-cs54flp7/run-cs54flp7.wandb
809208	2026-07-06T05:53:05.5464384960	output/grammar_v2_esmc300m_cmp500k_llada/wandb/wandb/run-20260706_044959-wn1junw3/files/output.log
5758	2026-07-06T04:50:02.5084725720	output/grammar_v2_esmc300m_cmp500k_llada/wandb/wandb/run-20260706_044959-wn1junw3/files/requirements.txt
4600	2026-07-06T04:50:02.2364080000	output/grammar_v2_esmc300m_cmp500k_llada/wandb/wandb/run-20260706_044959-wn1junw3/files/wandb-metadata.json
1259	2026-07-06T05:34:00.0355941120	output/grammar_v2_esmc300m_cmp500k_llada/wandb/wandb/run-20260706_044959-wn1junw3/logs/debug-internal.log
4943	2026-07-06T04:50:02.5140857700	output/grammar_v2_esmc300m_cmp500k_llada/wandb/wandb/run-20260706_044959-wn1junw3/logs/debug.log
3178496	2026-07-06T05:52:58.7486064100	output/grammar_v2_esmc300m_cmp500k_llada/wandb/wandb/run-20260706_044959-wn1junw3/run-wn1junw3.wandb
7767	2026-07-07T01:47:43.7947016600	output/grammar_v2_esmc300m_cmp500k_llada/wandb/wandb/run-20260707_014634-xmrrkxqe/files/output.log
5758	2026-07-07T01:46:37.1393170400	output/grammar_v2_esmc300m_cmp500k_llada/wandb/wandb/run-20260707_014634-xmrrkxqe/files/requirements.txt
4597	2026-07-07T01:46:36.9833750000	output/grammar_v2_esmc300m_cmp500k_llada/wandb/wandb/run-20260707_014634-xmrrkxqe/files/wandb-metadata.json
624	2026-07-07T01:46:35.9202813560	output/grammar_v2_esmc300m_cmp500k_llada/wandb/wandb/run-20260707_014634-xmrrkxqe/logs/debug-internal.log
4943	2026-07-07T01:46:37.1408919190	output/grammar_v2_esmc300m_cmp500k_llada/wandb/wandb/run-20260707_014634-xmrrkxqe/logs/debug.log
32768	2026-07-07T01:47:36.6712577750	output/grammar_v2_esmc300m_cmp500k_llada/wandb/wandb/run-20260707_014634-xmrrkxqe/run-xmrrkxqe.wandb
156135	2026-07-07T02:20:55.6432675270	output/grammar_v2_esmc300m_cmp500k_llada/wandb/wandb/run-20260707_020819-g24p3xa9/files/output.log
5758	2026-07-07T02:08:21.8703284140	output/grammar_v2_esmc300m_cmp500k_llada/wandb/wandb/run-20260707_020819-g24p3xa9/files/requirements.txt
4600	2026-07-07T02:08:21.7247980000	output/grammar_v2_esmc300m_cmp500k_llada/wandb/wandb/run-20260707_020819-g24p3xa9/files/wandb-metadata.json
622	2026-07-07T02:08:20.7706812210	output/grammar_v2_esmc300m_cmp500k_llada/wandb/wandb/run-20260707_020819-g24p3xa9/logs/debug-internal.log
4943	2026-07-07T02:08:21.8725565190	output/grammar_v2_esmc300m_cmp500k_llada/wandb/wandb/run-20260707_020819-g24p3xa9/logs/debug.log
622592	2026-07-07T02:20:53.1706833020	output/grammar_v2_esmc300m_cmp500k_llada/wandb/wandb/run-20260707_020819-g24p3xa9/run-g24p3xa9.wandb
326479	2026-07-07T02:53:48.1019699070	output/grammar_v2_esmc300m_cmp500k_llada/wandb/wandb/run-20260707_022824-2kbwm4yt/files/output.log
5758	2026-07-07T02:28:26.7483749450	output/grammar_v2_esmc300m_cmp500k_llada/wandb/wandb/run-20260707_022824-2kbwm4yt/files/requirements.txt
4600	2026-07-07T02:28:27.1915850000	output/grammar_v2_esmc300m_cmp500k_llada/wandb/wandb/run-20260707_022824-2kbwm4yt/files/wandb-metadata.json
624	2026-07-07T02:28:25.7418356490	output/grammar_v2_esmc300m_cmp500k_llada/wandb/wandb/run-20260707_022824-2kbwm4yt/logs/debug-internal.log
4943	2026-07-07T02:28:26.7480528710	output/grammar_v2_esmc300m_cmp500k_llada/wandb/wandb/run-20260707_022824-2kbwm4yt/logs/debug.log
1277952	2026-07-07T02:53:41.4740176870	output/grammar_v2_esmc300m_cmp500k_llada/wandb/wandb/run-20260707_022824-2kbwm4yt/run-2kbwm4yt.wandb
199393	2026-07-07T09:13:13.0326501100	output/grammar_v2_esmc300m_cmp500k_llada/wandb/wandb/run-20260707_085721-f3xjpjlg/files/output.log
5758	2026-07-07T08:57:24.2204559740	output/grammar_v2_esmc300m_cmp500k_llada/wandb/wandb/run-20260707_085721-f3xjpjlg/files/requirements.txt
4599	2026-07-07T08:57:24.0795790000	output/grammar_v2_esmc300m_cmp500k_llada/wandb/wandb/run-20260707_085721-f3xjpjlg/files/wandb-metadata.json
624	2026-07-07T08:57:23.0176644740	output/grammar_v2_esmc300m_cmp500k_llada/wandb/wandb/run-20260707_085721-f3xjpjlg/logs/debug-internal.log
4942	2026-07-07T08:57:24.2246254620	output/grammar_v2_esmc300m_cmp500k_llada/wandb/wandb/run-20260707_085721-f3xjpjlg/logs/debug.log
786432	2026-07-07T09:13:08.7115352520	output/grammar_v2_esmc300m_cmp500k_llada/wandb/wandb/run-20260707_085721-f3xjpjlg/run-f3xjpjlg.wandb
4438467	2026-07-07T15:19:08.2703048210	output/grammar_v2_esmc300m_cmp500k_llada/wandb/wandb/run-20260707_093949-n09uzzp1/files/output.log
5758	2026-07-07T09:39:51.7580978140	output/grammar_v2_esmc300m_cmp500k_llada/wandb/wandb/run-20260707_093949-n09uzzp1/files/requirements.txt
4599	2026-07-07T09:39:52.1272270000	output/grammar_v2_esmc300m_cmp500k_llada/wandb/wandb/run-20260707_093949-n09uzzp1/files/wandb-metadata.json
624	2026-07-07T09:39:50.8388524390	output/grammar_v2_esmc300m_cmp500k_llada/wandb/wandb/run-20260707_093949-n09uzzp1/logs/debug-internal.log
4942	2026-07-07T09:39:51.7564655970	output/grammar_v2_esmc300m_cmp500k_llada/wandb/wandb/run-20260707_093949-n09uzzp1/logs/debug.log
17268736	2026-07-07T15:18:44.7173858650	output/grammar_v2_esmc300m_cmp500k_llada/wandb/wandb/run-20260707_093949-n09uzzp1/run-n09uzzp1.wandb
7519804	2026-07-08T01:14:05.8119601030	output/grammar_v2_esmc300m_cmp500k_llada/wandb/wandb/run-20260707_154451-egtss3hy/files/output.log
5758	2026-07-07T15:44:55.0848839510	output/grammar_v2_esmc300m_cmp500k_llada/wandb/wandb/run-20260707_154451-egtss3hy/files/requirements.txt
4599	2026-07-07T15:44:55.5310100000	output/grammar_v2_esmc300m_cmp500k_llada/wandb/wandb/run-20260707_154451-egtss3hy/files/wandb-metadata.json
784	2026-07-07T18:01:10.5974387190	output/grammar_v2_esmc300m_cmp500k_llada/wandb/wandb/run-20260707_154451-egtss3hy/logs/debug-internal.log
4942	2026-07-07T15:44:55.0862869420	output/grammar_v2_esmc300m_cmp500k_llada/wandb/wandb/run-20260707_154451-egtss3hy/logs/debug.log
29065216	2026-07-08T01:14:00.2309511970	output/grammar_v2_esmc300m_cmp500k_llada/wandb/wandb/run-20260707_154451-egtss3hy/run-egtss3hy.wandb
81806	2026-07-08T03:27:46.6262427000	output/grammar_v2_esmc300m_cmp500k_llada/wandb/wandb/run-20260708_032158-ir642pje/files/output.log
5803	2026-07-08T03:22:01.1516812680	output/grammar_v2_esmc300m_cmp500k_llada/wandb/wandb/run-20260708_032158-ir642pje/files/requirements.txt
4599	2026-07-08T03:22:00.9961500000	output/grammar_v2_esmc300m_cmp500k_llada/wandb/wandb/run-20260708_032158-ir642pje/files/wandb-metadata.json
623	2026-07-08T03:21:59.8707312110	output/grammar_v2_esmc300m_cmp500k_llada/wandb/wandb/run-20260708_032158-ir642pje/logs/debug-internal.log
4942	2026-07-08T03:22:01.1554339310	output/grammar_v2_esmc300m_cmp500k_llada/wandb/wandb/run-20260708_032158-ir642pje/logs/debug.log
294912	2026-07-08T03:27:28.9142297790	output/grammar_v2_esmc300m_cmp500k_llada/wandb/wandb/run-20260708_032158-ir642pje/run-ir642pje.wandb
1374620	2026-07-08T05:44:33.5099070330	output/grammar_v2_esmc300m_cmp500k_llada/wandb/wandb/run-20260708_041214-1qii2x3h/files/output.log
5847	2026-07-08T04:12:17.0232539970	output/grammar_v2_esmc300m_cmp500k_llada/wandb/wandb/run-20260708_041214-1qii2x3h/files/requirements.txt
4599	2026-07-08T04:12:16.9196830000	output/grammar_v2_esmc300m_cmp500k_llada/wandb/wandb/run-20260708_041214-1qii2x3h/files/wandb-metadata.json
624	2026-07-08T04:12:16.0239614970	output/grammar_v2_esmc300m_cmp500k_llada/wandb/wandb/run-20260708_041214-1qii2x3h/logs/debug-internal.log
4942	2026-07-08T04:12:17.0248589210	output/grammar_v2_esmc300m_cmp500k_llada/wandb/wandb/run-20260708_041214-1qii2x3h/logs/debug.log
5144576	2026-07-08T05:44:14.6343262150	output/grammar_v2_esmc300m_cmp500k_llada/wandb/wandb/run-20260708_041214-1qii2x3h/run-1qii2x3h.wandb
397806	2026-07-08T06:18:34.5191489390	output/grammar_v2_esmc300m_cmp500k_llada/wandb/wandb/run-20260708_055142-vj9bm17n/files/output.log
5847	2026-07-08T05:51:44.6786453260	output/grammar_v2_esmc300m_cmp500k_llada/wandb/wandb/run-20260708_055142-vj9bm17n/files/requirements.txt
4599	2026-07-08T05:51:45.1354450000	output/grammar_v2_esmc300m_cmp500k_llada/wandb/wandb/run-20260708_055142-vj9bm17n/files/wandb-metadata.json
623	2026-07-08T05:51:43.7038051330	output/grammar_v2_esmc300m_cmp500k_llada/wandb/wandb/run-20260708_055142-vj9bm17n/logs/debug-internal.log
4968	2026-07-08T05:51:44.6786028530	output/grammar_v2_esmc300m_cmp500k_llada/wandb/wandb/run-20260708_055142-vj9bm17n/logs/debug.log
1474560	2026-07-08T06:18:14.5436975500	output/grammar_v2_esmc300m_cmp500k_llada/wandb/wandb/run-20260708_055142-vj9bm17n/run-vj9bm17n.wandb
8944542399	2026-07-10T04:25:04.5116095420	output/grammar_v2_esmc300m_integrated_llada/best.pt
8944610713	2026-07-10T00:32:05.1081306760	output/grammar_v2_esmc300m_integrated_llada/checkpoints/step_0001000_val_1.1459.pt
8944610713	2026-07-10T01:49:37.1939818210	output/grammar_v2_esmc300m_integrated_llada/checkpoints/step_0002000_val_0.7340.pt
8944610713	2026-07-10T03:07:10.8742972030	output/grammar_v2_esmc300m_integrated_llada/checkpoints/step_0003000_val_0.8946.pt
8944610713	2026-07-10T04:24:54.2591134180	output/grammar_v2_esmc300m_integrated_llada/checkpoints/step_0004000_val_0.7521.pt
573	2026-07-10T04:24:54.2611912150	output/grammar_v2_esmc300m_integrated_llada/checkpoints/topk_manifest.json
8944572539	2026-07-10T04:25:11.6591762710	output/grammar_v2_esmc300m_integrated_llada/latest.pt
1228918	2026-07-10T04:26:54.3454322840	output/grammar_v2_esmc300m_integrated_llada/wandb/wandb/run-20260709_231455-s6ul266r/files/output.log
5907	2026-07-09T23:14:58.0553581090	output/grammar_v2_esmc300m_integrated_llada/wandb/wandb/run-20260709_231455-s6ul266r/files/requirements.txt
4792	2026-07-09T23:14:57.8441940000	output/grammar_v2_esmc300m_integrated_llada/wandb/wandb/run-20260709_231455-s6ul266r/files/wandb-metadata.json
624	2026-07-09T23:14:56.8068423300	output/grammar_v2_esmc300m_integrated_llada/wandb/wandb/run-20260709_231455-s6ul266r/logs/debug-internal.log
5204	2026-07-09T23:14:58.0603236170	output/grammar_v2_esmc300m_integrated_llada/wandb/wandb/run-20260709_231455-s6ul266r/logs/debug.log
8224768	2026-07-10T04:26:45.3442907530	output/grammar_v2_esmc300m_integrated_llada/wandb/wandb/run-20260709_231455-s6ul266r/run-s6ul266r.wandb
5227918359	2026-07-20T18:43:04.5263369580	output/grammar_v2_esmc300m_integrated_llada_7l/best.pt
5227967829	2026-07-15T17:14:16.6902719330	output/grammar_v2_esmc300m_integrated_llada_7l/checkpoints/step_0117000_val_0.4430.pt
5227967829	2026-07-15T19:14:03.1430126890	output/grammar_v2_esmc300m_integrated_llada_7l/checkpoints/step_0121000_val_0.4903.pt
5227967829	2026-07-16T16:46:30.6243185440	output/grammar_v2_esmc300m_integrated_llada_7l/checkpoints/step_0164000_val_0.4786.pt
5227967829	2026-07-17T05:20:39.0526225650	output/grammar_v2_esmc300m_integrated_llada_7l/checkpoints/step_0189000_val_0.4913.pt
5227967829	2026-07-20T18:42:58.5346150040	output/grammar_v2_esmc300m_integrated_llada_7l/checkpoints/step_0359000_val_0.4832.pt
709	2026-07-20T18:42:58.5375069750	output/grammar_v2_esmc300m_integrated_llada_7l/checkpoints/topk_manifest.json
5227942507	2026-07-21T10:01:20.0548354100	output/grammar_v2_esmc300m_integrated_llada_7l/latest.pt
10975	2026-07-13T15:41:31.5425820000	output/grammar_v2_esmc300m_integrated_llada_7l/wandb/wandb/run-20260711_092119-3b17tuus/files/config.yaml
31899621	2026-07-13T15:41:20.6343314730	output/grammar_v2_esmc300m_integrated_llada_7l/wandb/wandb/run-20260711_092119-3b17tuus/files/output.log
5907	2026-07-11T09:21:22.8233721270	output/grammar_v2_esmc300m_integrated_llada_7l/wandb/wandb/run-20260711_092119-3b17tuus/files/requirements.txt
4814	2026-07-11T09:21:23.2353870000	output/grammar_v2_esmc300m_integrated_llada_7l/wandb/wandb/run-20260711_092119-3b17tuus/files/wandb-metadata.json
1609	2026-07-13T15:41:31.5084278110	output/grammar_v2_esmc300m_integrated_llada_7l/wandb/wandb/run-20260711_092119-3b17tuus/files/wandb-summary.json
1628	2026-07-13T15:41:31.4657712840	output/grammar_v2_esmc300m_integrated_llada_7l/wandb/wandb/run-20260711_092119-3b17tuus/logs/debug-internal.log
5354	2026-07-13T15:41:31.4646897810	output/grammar_v2_esmc300m_integrated_llada_7l/wandb/wandb/run-20260711_092119-3b17tuus/logs/debug.log
143163392	2026-07-13T15:41:20.6246538780	output/grammar_v2_esmc300m_integrated_llada_7l/wandb/wandb/run-20260711_092119-3b17tuus/run-3b17tuus.wandb
92874786	2026-07-21T10:03:12.3154326850	output/grammar_v2_esmc300m_integrated_llada_7l/wandb/wandb/run-20260715_092152-63gcwhno/files/output.log
5907	2026-07-15T09:21:54.8006248510	output/grammar_v2_esmc300m_integrated_llada_7l/wandb/wandb/run-20260715_092152-63gcwhno/files/requirements.txt
4821	2026-07-15T09:21:54.6126370000	output/grammar_v2_esmc300m_integrated_llada_7l/wandb/wandb/run-20260715_092152-63gcwhno/files/wandb-metadata.json
39013	2026-07-21T09:46:20.9635642940	output/grammar_v2_esmc300m_integrated_llada_7l/wandb/wandb/run-20260715_092152-63gcwhno/logs/debug-internal.log
5236	2026-07-15T09:21:54.8049351350	output/grammar_v2_esmc300m_integrated_llada_7l/wandb/wandb/run-20260715_092152-63gcwhno/logs/debug.log
401833984	2026-07-21T10:02:51.2738467160	output/grammar_v2_esmc300m_integrated_llada_7l/wandb/wandb/run-20260715_092152-63gcwhno/run-63gcwhno.wandb
5227938475	2026-07-13T15:38:07.5508091650	output/grammar_v2_esmc300m_integrated_llada_7l_step101300/best.pt
523	2026-07-14T14:37:24.6275265800	output/grammar_v2_esmc300m_integrated_llada_7l_step101300/checkpoint_manifest.json
5227967829	2026-07-15T17:14:16.6902719330	output/grammar_v2_esmc300m_integrated_llada_7l_step117000/best.pt
657	2026-07-21T07:19:51.0887620640	output/grammar_v2_esmc300m_integrated_llada_7l_step117000/checkpoint_manifest.json
5227967829	2026-07-15T19:14:03.1430126890	output/grammar_v2_esmc300m_integrated_llada_7l_step121000/best.pt
657	2026-07-21T07:19:51.0898390900	output/grammar_v2_esmc300m_integrated_llada_7l_step121000/checkpoint_manifest.json
5227967829	2026-07-16T16:46:30.6243185440	output/grammar_v2_esmc300m_integrated_llada_7l_step164000/best.pt
657	2026-07-21T07:19:51.0913756700	output/grammar_v2_esmc300m_integrated_llada_7l_step164000/checkpoint_manifest.json
5227967829	2026-07-17T05:20:39.0526225650	output/grammar_v2_esmc300m_integrated_llada_7l_step189000/best.pt
658	2026-07-20T10:10:52.4073339070	output/grammar_v2_esmc300m_integrated_llada_7l_step189000/checkpoint_manifest.json
5227942507	2026-07-17T07:54:16.0403368300	output/grammar_v2_esmc300m_integrated_llada_7l_step194100/best.pt
603	2026-07-17T08:04:25.4962045000	output/grammar_v2_esmc300m_integrated_llada_7l_step194100/checkpoint_manifest.json
5227942507	2026-07-20T08:29:17.8818468130	output/grammar_v2_esmc300m_integrated_llada_7l_step338600/best.pt
606	2026-07-20T08:34:03.8241079880	output/grammar_v2_esmc300m_integrated_llada_7l_step338600/checkpoint_manifest.json
5227967829	2026-07-20T18:42:58.5346150040	output/grammar_v2_esmc300m_integrated_llada_7l_step359000/best.pt
656	2026-07-21T07:19:51.0920734910	output/grammar_v2_esmc300m_integrated_llada_7l_step359000/checkpoint_manifest.json
5227942507	2026-07-21T07:39:42.6155065950	output/grammar_v2_esmc300m_integrated_llada_7l_step384800/best.pt
660	2026-07-21T07:41:09.5404810530	output/grammar_v2_esmc300m_integrated_llada_7l_step384800/checkpoint_manifest.json
5227942507	2026-07-21T10:01:20.0548354100	output/grammar_v2_esmc300m_integrated_llada_7l_step389500/best.pt
565	2026-07-21T12:50:34.2003968370	output/grammar_v2_esmc300m_integrated_llada_7l_step389500/checkpoint_manifest.json
8944542335	2026-07-09T07:01:47.1529072090	output/grammar_v2_esmc300m_integrated_llada_8src_pre_b1/best.pt
8944610649	2026-07-09T05:04:24.2555744030	output/grammar_v2_esmc300m_integrated_llada_8src_pre_b1/checkpoints/step_0001000_val_1.7787.pt
8944610649	2026-07-09T06:02:56.9845093100	output/grammar_v2_esmc300m_integrated_llada_8src_pre_b1/checkpoints/step_0002000_val_1.5324.pt
8944610649	2026-07-09T07:01:39.2192294520	output/grammar_v2_esmc300m_integrated_llada_8src_pre_b1/checkpoints/step_0003000_val_1.4338.pt
446	2026-07-09T07:01:39.2212285840	output/grammar_v2_esmc300m_integrated_llada_8src_pre_b1/checkpoints/topk_manifest.json
8944572475	2026-07-09T07:01:52.3421928690	output/grammar_v2_esmc300m_integrated_llada_8src_pre_b1/latest.pt
1867681	2026-07-09T07:50:28.0057822730	output/grammar_v2_esmc300m_integrated_llada_8src_pre_b1/wandb/wandb/run-20260709_040546-40j26bt5/files/output.log
5847	2026-07-09T04:05:49.1811207210	output/grammar_v2_esmc300m_integrated_llada_8src_pre_b1/wandb/wandb/run-20260709_040546-40j26bt5/files/requirements.txt
4824	2026-07-09T04:05:49.6724960000	output/grammar_v2_esmc300m_integrated_llada_8src_pre_b1/wandb/wandb/run-20260709_040546-40j26bt5/files/wandb-metadata.json
624	2026-07-09T04:05:48.1959272380	output/grammar_v2_esmc300m_integrated_llada_8src_pre_b1/wandb/wandb/run-20260709_040546-40j26bt5/logs/debug-internal.log
5172	2026-07-09T04:05:49.1792873170	output/grammar_v2_esmc300m_integrated_llada_8src_pre_b1/wandb/wandb/run-20260709_040546-40j26bt5/logs/debug.log
8683520	2026-07-09T07:49:53.4409242380	output/grammar_v2_esmc300m_integrated_llada_8src_pre_b1/wandb/wandb/run-20260709_040546-40j26bt5/run-40j26bt5.wandb
472867	2026-07-09T13:06:30.5568416850	output/grammar_v2_esmc300m_integrated_llada_killed_step988_20260709T170210Z/wandb/wandb/run-20260709_120605-dsen96ki/files/output.log
5907	2026-07-09T12:06:09.3673362340	output/grammar_v2_esmc300m_integrated_llada_killed_step988_20260709T170210Z/wandb/wandb/run-20260709_120605-dsen96ki/files/requirements.txt
4891	2026-07-09T12:06:09.1361680000	output/grammar_v2_esmc300m_integrated_llada_killed_step988_20260709T170210Z/wandb/wandb/run-20260709_120605-dsen96ki/files/wandb-metadata.json
624	2026-07-09T12:06:06.9179187660	output/grammar_v2_esmc300m_integrated_llada_killed_step988_20260709T170210Z/wandb/wandb/run-20260709_120605-dsen96ki/logs/debug-internal.log
5227	2026-07-09T12:06:09.3717818780	output/grammar_v2_esmc300m_integrated_llada_killed_step988_20260709T170210Z/wandb/wandb/run-20260709_120605-dsen96ki/logs/debug.log
2228224	2026-07-09T13:05:38.8343542480	output/grammar_v2_esmc300m_integrated_llada_killed_step988_20260709T170210Z/wandb/wandb/run-20260709_120605-dsen96ki/run-dsen96ki.wandb
8944542079	2026-07-08T04:50:35.9559773110	output/grammar_v2_esmc300m_mint_llada/best.pt
8944542015	2026-07-07T09:24:32.7242770940	output/grammar_v2_esmc300m_mint_llada/best.t3snap_20260707T110558Z.pt
8944610329	2026-07-04T22:57:00.3773403050	output/grammar_v2_esmc300m_mint_llada/checkpoints/step_0006000_val_2.3011.pt
8944616473	2026-07-07T13:11:40.2762365500	output/grammar_v2_esmc300m_mint_llada/checkpoints/step_0019000_val_2.2845.pt
8944616473	2026-07-08T01:22:29.8171579190	output/grammar_v2_esmc300m_mint_llada/checkpoints/step_0025000_val_2.2918.pt
8944616473	2026-07-08T03:06:54.2738506680	output/grammar_v2_esmc300m_mint_llada/checkpoints/step_0026000_val_2.2622.pt
8944616473	2026-07-08T04:50:25.8089589780	output/grammar_v2_esmc300m_mint_llada/checkpoints/step_0027000_val_2.2815.pt
702	2026-07-08T04:50:25.8148806990	output/grammar_v2_esmc300m_mint_llada/checkpoints/topk_manifest.json
8944578363	2026-07-08T05:42:29.9135749770	output/grammar_v2_esmc300m_mint_llada/latest.pt
16430341	2026-07-05T18:15:58.8220219350	output/grammar_v2_esmc300m_mint_llada/logs/train_20260705_134722_rank0.log
11113233	2026-07-06T08:35:27.7839995800	output/grammar_v2_esmc300m_mint_llada/logs/train_20260706_053329_rank0.log
2700383	2026-07-07T02:42:53.5384875420	output/grammar_v2_esmc300m_mint_llada/logs/train_20260707_015705_rank0.log
42638907	2026-07-07T15:18:36.2566793830	output/grammar_v2_esmc300m_mint_llada/logs/train_20260707_034359_rank0.log
52186716	2026-07-08T05:50:44.3554697030	output/grammar_v2_esmc300m_mint_llada/logs/train_20260707_165205_rank0.log
10239969	2026-07-05T09:49:12.9588035850	output/grammar_v2_esmc300m_mint_llada/wandb/wandb/run-20260704_113837-p0n8o2s3/files/output.log
5162	2026-07-04T11:38:40.3354103310	output/grammar_v2_esmc300m_mint_llada/wandb/wandb/run-20260704_113837-p0n8o2s3/files/requirements.txt
4470	2026-07-04T11:38:40.2291940000	output/grammar_v2_esmc300m_mint_llada/wandb/wandb/run-20260704_113837-p0n8o2s3/files/wandb-metadata.json
1594603	2026-07-05T09:49:05.5627517320	output/grammar_v2_esmc300m_mint_llada/wandb/wandb/run-20260704_113837-p0n8o2s3/logs/debug-internal.log
4622	2026-07-04T11:38:40.3379593830	output/grammar_v2_esmc300m_mint_llada/wandb/wandb/run-20260704_113837-p0n8o2s3/logs/debug.log
50167808	2026-07-05T09:48:24.9832454250	output/grammar_v2_esmc300m_mint_llada/wandb/wandb/run-20260704_113837-p0n8o2s3/run-p0n8o2s3.wandb
2071534	2026-07-05T18:15:58.6780940080	output/grammar_v2_esmc300m_mint_llada/wandb/wandb/run-20260705_134816-gdtlknl6/files/output.log
5741	2026-07-05T13:48:20.1583407580	output/grammar_v2_esmc300m_mint_llada/wandb/wandb/run-20260705_134816-gdtlknl6/files/requirements.txt
4470	2026-07-05T13:48:19.9857410000	output/grammar_v2_esmc300m_mint_llada/wandb/wandb/run-20260705_134816-gdtlknl6/files/wandb-metadata.json
1130	2026-07-05T16:08:13.3202206590	output/grammar_v2_esmc300m_mint_llada/wandb/wandb/run-20260705_134816-gdtlknl6/logs/debug-internal.log
4934	2026-07-05T13:48:20.1609681320	output/grammar_v2_esmc300m_mint_llada/wandb/wandb/run-20260705_134816-gdtlknl6/logs/debug.log
9601024	2026-07-05T18:15:30.3713275680	output/grammar_v2_esmc300m_mint_llada/wandb/wandb/run-20260705_134816-gdtlknl6/run-gdtlknl6.wandb
1400874	2026-07-06T08:35:27.7362899040	output/grammar_v2_esmc300m_mint_llada/wandb/wandb/run-20260706_053429-rtbcp6i9/files/output.log
5758	2026-07-06T05:34:39.9112675470	output/grammar_v2_esmc300m_mint_llada/wandb/wandb/run-20260706_053429-rtbcp6i9/files/requirements.txt
4470	2026-07-06T05:34:39.9078090000	output/grammar_v2_esmc300m_mint_llada/wandb/wandb/run-20260706_053429-rtbcp6i9/files/wandb-metadata.json
831	2026-07-06T05:45:24.9170344230	output/grammar_v2_esmc300m_mint_llada/wandb/wandb/run-20260706_053429-rtbcp6i9/logs/debug-internal.log
4934	2026-07-06T05:34:39.9129077860	output/grammar_v2_esmc300m_mint_llada/wandb/wandb/run-20260706_053429-rtbcp6i9/logs/debug.log
6488064	2026-07-06T08:35:09.4147314760	output/grammar_v2_esmc300m_mint_llada/wandb/wandb/run-20260706_053429-rtbcp6i9/run-rtbcp6i9.wandb
339955	2026-07-07T02:42:53.3513726550	output/grammar_v2_esmc300m_mint_llada/wandb/wandb/run-20260707_015802-ewlqrut5/files/output.log
5758	2026-07-07T01:58:04.8093043350	output/grammar_v2_esmc300m_mint_llada/wandb/wandb/run-20260707_015802-ewlqrut5/files/requirements.txt
4470	2026-07-07T01:58:04.5604480000	output/grammar_v2_esmc300m_mint_llada/wandb/wandb/run-20260707_015802-ewlqrut5/files/wandb-metadata.json
624	2026-07-07T01:58:03.6688455760	output/grammar_v2_esmc300m_mint_llada/wandb/wandb/run-20260707_015802-ewlqrut5/logs/debug-internal.log
4934	2026-07-07T01:58:04.8141426360	output/grammar_v2_esmc300m_mint_llada/wandb/wandb/run-20260707_015802-ewlqrut5/logs/debug.log
1572864	2026-07-07T02:42:20.4498968120	output/grammar_v2_esmc300m_mint_llada/wandb/wandb/run-20260707_015802-ewlqrut5/run-ewlqrut5.wandb
5382261	2026-07-07T15:18:35.9830278270	output/grammar_v2_esmc300m_mint_llada/wandb/wandb/run-20260707_034456-v3fl3vmf/files/output.log
5758	2026-07-07T03:44:58.7674221370	output/grammar_v2_esmc300m_mint_llada/wandb/wandb/run-20260707_034456-v3fl3vmf/files/requirements.txt
4468	2026-07-07T03:44:58.5776310000	output/grammar_v2_esmc300m_mint_llada/wandb/wandb/run-20260707_034456-v3fl3vmf/files/wandb-metadata.json
815	2026-07-07T13:27:13.9479816930	output/grammar_v2_esmc300m_mint_llada/wandb/wandb/run-20260707_034456-v3fl3vmf/logs/debug-internal.log
4933	2026-07-07T03:44:58.7712164640	output/grammar_v2_esmc300m_mint_llada/wandb/wandb/run-20260707_034456-v3fl3vmf/logs/debug.log
24903680	2026-07-07T15:17:58.3665472450	output/grammar_v2_esmc300m_mint_llada/wandb/wandb/run-20260707_034456-v3fl3vmf/run-v3fl3vmf.wandb
6587750	2026-07-08T05:50:43.7747655730	output/grammar_v2_esmc300m_mint_llada/wandb/wandb/run-20260707_165259-6vs3j5bj/files/output.log
5803	2026-07-07T16:53:02.7827731720	output/grammar_v2_esmc300m_mint_llada/wandb/wandb/run-20260707_165259-6vs3j5bj/files/requirements.txt
4469	2026-07-07T16:53:02.4305330000	output/grammar_v2_esmc300m_mint_llada/wandb/wandb/run-20260707_165259-6vs3j5bj/files/wandb-metadata.json
813	2026-07-08T02:55:26.3377944470	output/grammar_v2_esmc300m_mint_llada/wandb/wandb/run-20260707_165259-6vs3j5bj/logs/debug-internal.log
4933	2026-07-07T16:53:02.7894236800	output/grammar_v2_esmc300m_mint_llada/wandb/wandb/run-20260707_165259-6vs3j5bj/logs/debug.log
29458432	2026-07-08T05:50:27.9444942810	output/grammar_v2_esmc300m_mint_llada/wandb/wandb/run-20260707_165259-6vs3j5bj/run-6vs3j5bj.wandb
13134174899	2026-07-08T03:35:52.1225466410	output/grammar_v2_esmc600m_cmp500k_llada/best.pt
13134257245	2026-07-05T15:38:02.5930819430	output/grammar_v2_esmc600m_cmp500k_llada/checkpoints/step_0006000_val_0.8179.pt
13134257245	2026-07-07T11:09:52.1077089760	output/grammar_v2_esmc600m_cmp500k_llada/checkpoints/step_0011000_val_0.7998.pt
13134257245	2026-07-07T20:51:39.9812675360	output/grammar_v2_esmc600m_cmp500k_llada/checkpoints/step_0016000_val_0.7653.pt
13134257245	2026-07-07T23:31:37.1103314520	output/grammar_v2_esmc600m_cmp500k_llada/checkpoints/step_0018000_val_0.7857.pt
13134257245	2026-07-08T03:35:37.6777189580	output/grammar_v2_esmc600m_cmp500k_llada/checkpoints/step_0021000_val_0.8131.pt
703	2026-07-08T03:35:37.6851322930	output/grammar_v2_esmc600m_cmp500k_llada/checkpoints/topk_manifest.json
13134214991	2026-07-08T06:12:12.1164357950	output/grammar_v2_esmc600m_cmp500k_llada/latest.pt
8417248	2026-07-05T15:57:43.2907634070	output/grammar_v2_esmc600m_cmp500k_llada/logs/train_20260705_141646_rank0.log
13089317	2026-07-06T08:09:00.8733673740	output/grammar_v2_esmc600m_cmp500k_llada/logs/train_20260706_053329_rank0.log
2726013	2026-07-07T02:27:24.0353052410	output/grammar_v2_esmc600m_cmp500k_llada/logs/train_20260707_015404_rank0.log
34069392	2026-07-07T12:25:09.5953266800	output/grammar_v2_esmc600m_cmp500k_llada/logs/train_20260707_054635_rank0.log
66600730	2026-07-08T04:11:03.2934201900	output/grammar_v2_esmc600m_cmp500k_llada/logs/train_20260707_151915_rank0.log
10314519	2026-07-08T06:18:35.3474794010	output/grammar_v2_esmc600m_cmp500k_llada/logs/train_20260708_043305_rank0.log
2090525	2026-07-04T08:45:11.4656721140	output/grammar_v2_esmc600m_cmp500k_llada/wandb/wandb/run-20260704_052840-691l3py1/files/output.log
5162	2026-07-04T05:28:42.2665213030	output/grammar_v2_esmc600m_cmp500k_llada/wandb/wandb/run-20260704_052840-691l3py1/files/requirements.txt
4600	2026-07-04T05:28:42.2254350000	output/grammar_v2_esmc600m_cmp500k_llada/wandb/wandb/run-20260704_052840-691l3py1/files/wandb-metadata.json
237895	2026-07-04T08:45:12.7583368910	output/grammar_v2_esmc600m_cmp500k_llada/wandb/wandb/run-20260704_052840-691l3py1/logs/debug-internal.log
4631	2026-07-04T05:28:42.2679944920	output/grammar_v2_esmc600m_cmp500k_llada/wandb/wandb/run-20260704_052840-691l3py1/logs/debug.log
9076736	2026-07-04T08:44:56.9771933450	output/grammar_v2_esmc600m_cmp500k_llada/wandb/wandb/run-20260704_052840-691l3py1/run-691l3py1.wandb
1490843	2026-07-04T11:09:01.9791319800	output/grammar_v2_esmc600m_cmp500k_llada/wandb/wandb/run-20260704_084855-d98i52pt/files/output.log
5162	2026-07-04T08:48:58.0646948140	output/grammar_v2_esmc600m_cmp500k_llada/wandb/wandb/run-20260704_084855-d98i52pt/files/requirements.txt
4600	2026-07-04T08:48:58.2363340000	output/grammar_v2_esmc600m_cmp500k_llada/wandb/wandb/run-20260704_084855-d98i52pt/files/wandb-metadata.json
169742	2026-07-04T11:09:00.9373509540	output/grammar_v2_esmc600m_cmp500k_llada/wandb/wandb/run-20260704_084855-d98i52pt/logs/debug-internal.log
4631	2026-07-04T08:48:58.0642801110	output/grammar_v2_esmc600m_cmp500k_llada/wandb/wandb/run-20260704_084855-d98i52pt/logs/debug.log
6455296	2026-07-04T11:08:57.9606591510	output/grammar_v2_esmc600m_cmp500k_llada/wandb/wandb/run-20260704_084855-d98i52pt/run-d98i52pt.wandb
1061552	2026-07-05T15:57:42.6971937490	output/grammar_v2_esmc600m_cmp500k_llada/wandb/wandb/run-20260705_141741-owl68i99/files/output.log
5741	2026-07-05T14:17:44.3941129590	output/grammar_v2_esmc600m_cmp500k_llada/wandb/wandb/run-20260705_141741-owl68i99/files/requirements.txt
4600	2026-07-05T14:17:44.2102590000	output/grammar_v2_esmc600m_cmp500k_llada/wandb/wandb/run-20260705_141741-owl68i99/files/wandb-metadata.json
624	2026-07-05T14:17:43.1044316040	output/grammar_v2_esmc600m_cmp500k_llada/wandb/wandb/run-20260705_141741-owl68i99/logs/debug-internal.log
4943	2026-07-05T14:17:44.3964449420	output/grammar_v2_esmc600m_cmp500k_llada/wandb/wandb/run-20260705_141741-owl68i99/logs/debug.log
4423680	2026-07-05T15:57:43.9502671550	output/grammar_v2_esmc600m_cmp500k_llada/wandb/wandb/run-20260705_141741-owl68i99/run-owl68i99.wandb
1650773	2026-07-06T08:09:00.6168642120	output/grammar_v2_esmc600m_cmp500k_llada/wandb/wandb/run-20260706_053426-kvi21hzq/files/output.log
5758	2026-07-06T05:34:51.5851975080	output/grammar_v2_esmc600m_cmp500k_llada/wandb/wandb/run-20260706_053426-kvi21hzq/files/requirements.txt
4600	2026-07-06T05:34:51.5141340000	output/grammar_v2_esmc600m_cmp500k_llada/wandb/wandb/run-20260706_053426-kvi21hzq/files/wandb-metadata.json
964	2026-07-06T05:45:03.5742382790	output/grammar_v2_esmc600m_cmp500k_llada/wandb/wandb/run-20260706_053426-kvi21hzq/logs/debug-internal.log
4943	2026-07-06T05:34:51.5852410750	output/grammar_v2_esmc600m_cmp500k_llada/wandb/wandb/run-20260706_053426-kvi21hzq/logs/debug.log
6848512	2026-07-06T08:08:35.7592402070	output/grammar_v2_esmc600m_cmp500k_llada/wandb/wandb/run-20260706_053426-kvi21hzq/run-kvi21hzq.wandb
343334	2026-07-07T02:27:23.3275907540	output/grammar_v2_esmc600m_cmp500k_llada/wandb/wandb/run-20260707_015505-wz7cb5av/files/output.log
5758	2026-07-07T01:55:08.7183476790	output/grammar_v2_esmc600m_cmp500k_llada/wandb/wandb/run-20260707_015505-wz7cb5av/files/requirements.txt
4600	2026-07-07T01:55:08.5572150000	output/grammar_v2_esmc600m_cmp500k_llada/wandb/wandb/run-20260707_015505-wz7cb5av/files/wandb-metadata.json
624	2026-07-07T01:55:07.5129404460	output/grammar_v2_esmc600m_cmp500k_llada/wandb/wandb/run-20260707_015505-wz7cb5av/logs/debug-internal.log
4943	2026-07-07T01:55:08.7196974760	output/grammar_v2_esmc600m_cmp500k_llada/wandb/wandb/run-20260707_015505-wz7cb5av/logs/debug.log
1409024	2026-07-07T02:26:53.2757597830	output/grammar_v2_esmc600m_cmp500k_llada/wandb/wandb/run-20260707_015505-wz7cb5av/run-wz7cb5av.wandb
4301467	2026-07-07T12:25:09.1482831050	output/grammar_v2_esmc600m_cmp500k_llada/wandb/wandb/run-20260707_054725-p4befdit/files/output.log
5758	2026-07-07T05:47:27.7812107000	output/grammar_v2_esmc600m_cmp500k_llada/wandb/wandb/run-20260707_054725-p4befdit/files/requirements.txt
4599	2026-07-07T05:47:28.1928700000	output/grammar_v2_esmc600m_cmp500k_llada/wandb/wandb/run-20260707_054725-p4befdit/files/wandb-metadata.json
832	2026-07-07T11:27:43.2642014430	output/grammar_v2_esmc600m_cmp500k_llada/wandb/wandb/run-20260707_054725-p4befdit/logs/debug-internal.log
4942	2026-07-07T05:47:27.7844679980	output/grammar_v2_esmc600m_cmp500k_llada/wandb/wandb/run-20260707_054725-p4befdit/logs/debug.log
17727488	2026-07-07T12:24:32.5308932390	output/grammar_v2_esmc600m_cmp500k_llada/wandb/wandb/run-20260707_054725-p4befdit/run-p4befdit.wandb
8408742	2026-07-08T04:11:03.2925660000	output/grammar_v2_esmc600m_cmp500k_llada/wandb/wandb/run-20260707_152013-vkxuswce/files/output.log
5758	2026-07-07T15:20:19.1772386640	output/grammar_v2_esmc600m_cmp500k_llada/wandb/wandb/run-20260707_152013-vkxuswce/files/requirements.txt
4599	2026-07-07T15:20:19.0394240000	output/grammar_v2_esmc600m_cmp500k_llada/wandb/wandb/run-20260707_152013-vkxuswce/files/wandb-metadata.json
624	2026-07-07T15:20:18.0326271090	output/grammar_v2_esmc600m_cmp500k_llada/wandb/wandb/run-20260707_152013-vkxuswce/logs/debug-internal.log
4942	2026-07-07T15:20:19.1810805540	output/grammar_v2_esmc600m_cmp500k_llada/wandb/wandb/run-20260707_152013-vkxuswce/logs/debug.log
34406400	2026-07-08T04:10:18.6633409730	output/grammar_v2_esmc600m_cmp500k_llada/wandb/wandb/run-20260707_152013-vkxuswce/run-vkxuswce.wandb
1301616	2026-07-08T06:18:34.8368136950	output/grammar_v2_esmc600m_cmp500k_llada/wandb/wandb/run-20260708_043403-adn08z31/files/output.log
5847	2026-07-08T04:34:06.0083474230	output/grammar_v2_esmc600m_cmp500k_llada/wandb/wandb/run-20260708_043403-adn08z31/files/requirements.txt
4598	2026-07-08T04:34:05.9039420000	output/grammar_v2_esmc600m_cmp500k_llada/wandb/wandb/run-20260708_043403-adn08z31/files/wandb-metadata.json
624	2026-07-08T04:34:04.8679380030	output/grammar_v2_esmc600m_cmp500k_llada/wandb/wandb/run-20260708_043403-adn08z31/logs/debug-internal.log
4968	2026-07-08T04:34:06.0100278990	output/grammar_v2_esmc600m_cmp500k_llada/wandb/wandb/run-20260708_043403-adn08z31/logs/debug.log
5111808	2026-07-08T06:18:05.6553473710	output/grammar_v2_esmc600m_cmp500k_llada/wandb/wandb/run-20260708_043403-adn08z31/run-adn08z31.wandb
8944569405	2026-07-02T17:14:53.7975374940	tmp/smoke_llada_esmc300m_cfg/final.pt
8944571643	2026-07-02T17:14:02.0777497860	tmp/smoke_llada_esmc300m_cfg/latest.pt
